{
  "experiment": "A10_rl",
  "episodes": 15,
  "rows": [
    {
      "seed": 0,
      "ppo": -692.2422211023406,
      "dqn": -901.8937935551963,
      "greedy": -17566.180107739907
    },
    {
      "seed": 42,
      "ppo": -692.2422211023406,
      "dqn": -901.8937935551963,
      "greedy": -17566.180107739907
    },
    {
      "seed": 123,
      "ppo": -692.2422211023406,
      "dqn": -901.8937935551963,
      "greedy": -17566.180107739907
    }
  ]
}