{
  "experiment": "T2_seeds",
  "traffic_mode": "csv",
  "seeds": {
    "0": {
      "do_nothing": -82099.01877575365,
      "fixed_replica": -46820.57097631654,
      "target_utilization": -9519.00750018767,
      "greedy": -17566.180107739907,
      "ppo": -692.2422211023406,
      "dqn": -901.8937935551963
    },
    "42": {
      "do_nothing": -82099.01877575365,
      "fixed_replica": -46820.57097631654,
      "target_utilization": -9519.00750018767,
      "greedy": -17566.180107739907,
      "ppo": -692.2422211023406,
      "dqn": -901.8937935551963
    },
    "123": {
      "do_nothing": -82099.01877575365,
      "fixed_replica": -46820.57097631654,
      "target_utilization": -9519.00750018767,
      "greedy": -17566.180107739907,
      "ppo": -692.2422211023406,
      "dqn": -901.8937935551963
    }
  }
}