{
  "episodes": 20,
  "seed": 42,
  "env_config": {
    "traffic_mode": "auto"
  },
  "fixed_replicas": 4,
  "policies": {
    "do_nothing": {
      "episode_return_mean": -2701.8999999999915,
      "episode_return_std": 4.547473508864641e-13,
      "mean_cost_penalty": 20.00000000000001,
      "mean_latency_penalty": 2681.9000000000005,
      "error": null
    },
    "fixed_replica": {
      "episode_return_mean": -80.00000000000004,
      "episode_return_std": 1.4210854715202004e-14,
      "mean_cost_penalty": 80.00000000000004,
      "mean_latency_penalty": 0.0,
      "error": null
    },
    "greedy": {
      "episode_return_mean": -659.7000000000043,
      "episode_return_std": 0.0,
      "mean_cost_penalty": 21.700000000000042,
      "mean_latency_penalty": 637.9999999999999,
      "error": null
    },
    "ppo": {
      "episode_return_mean": -30.100000000000183,
      "episode_return_std": 3.552713678800501e-15,
      "mean_cost_penalty": 30.100000000000183,
      "mean_latency_penalty": 0.0,
      "error": null
    },
    "dqn": {
      "episode_return_mean": -359.6999999999962,
      "episode_return_std": 0.0,
      "mean_cost_penalty": 80.20000000000006,
      "mean_latency_penalty": 279.5,
      "error": null
    }
  },
  "mlflow_run_ids": {
    "ppo": "cb6de5d8be9c48dc8d1a1459317fb3ce",
    "dqn": "04df9138b3a24dcbba798294641559d0"
  }
}